drug,n_total,death,life_threatening,hospitalisation,disability,congenital_anomaly,other_serious,required_intervention,pct_death,pct_hosp
Cobenfy,1423,19,13,107,6,0,261,2,1.3352073085031624,7.519325368938862
Olanzapine,6926,676,880,3214,304,42,4505,34,9.760323419000866,46.404851285012995
Risperidone,6254,369,365,2225,164,19,3272,24,5.900223856731691,35.57723057243364
Aripiprazole,5516,451,400,2121,335,74,3649,37,8.176214648295867,38.45177664974619
Quetiapine,9074,2234,1745,4469,1009,476,6674,48,24.619792814635222,49.250606127396956
Lurasidone,806,29,37,301,16,1,596,6,3.598014888337469,37.344913151364764
Brexpiprazole,1288,344,41,356,26,0,873,11,26.70807453416149,27.63975155279503
